Title,Text,TextSource,Mode,Melody,MelodySources_OCO,gabc,GB_ID,Occasion,Variant,LHymPage
Adoremus Dominum,Adoremus Dominum qui fecit nos.,"Ps 94,6",E,c egf def efddc de e e edef e egff fe,LHym 180,"(f3)A(e)do(g_i_h_)ré(fgwh)mus(g_h/ffe) Dó(fg)mi(g)num(g.) (,) qui(g_f_gwh) fe(g)cit(gihh) nos.(h.g.) (::) Ve(g/goh)ní(fg)te,(ffe) (::)",0,1-4H5,,180
Agnum Dei quem Ioannes,Agnum Dei quem Ioannes in passione præcessit venite adoremus.,,7,gji j kjklkl lk k kj klmlk lk k i jk kl k j jkljji ghijghggf fh jklkjkl jji h hkji ghg g,LHym 425,"(c3)A(-ehg)gnum(h) De(i_h_iwjij)i,(j.i.) (,) quem(i) Io(ih)án(ijwk_JI~)nes(j_i_) (,) in(i) pas(g)si(hi)ó(ij)ne(i) præ(h)ces(h!ijhhg)sit,(e_f_!gw_h_e/fveed.) (;) ve(df)ní(h_!i_j_i_/hioj)te,(hhg) ad(f)o(fiHG)ré(e_f_e_)mus.(e.) (::) Ve(i)ní(i!jki)te,(hhg) (::)",0,29/8,,425
Agnum Dei quem lætus,Agnum Dei quem lætus monstravit Ioannes venite adoremus.,,7,gji j kjklkl lk k klmlk k j kl lk j jklj ghijghggf fh jklkjkl jji h hkji ghg g,LHym 384,"(c3)A(-ehg)gnum(h) De(i_h_iwjij)i,(j.i.) (,) quem(i) læ(ijwk_JI)tus(i) mon(h)strá(ij)vit(ji) Io(h)án(h!ijh>)nes,(e_f_!gw_h_e_/fveed.) (;) ve(df)ní(h_!i_j_i_/hioj)te,(hhg) ad(f)o(fiHG)ré(e_f_e_)mus.(e.) (::) Ve(i)ní(i!jki)te,(hhg) (::)",0,24/6,,384
Alleluia Christum ascendentem,Alleluia Christum Dominum ascendentem in cælum venite adoremus alleluia.,,5,fhj j jjh jkjlkjijh hi h hi h h h hj j ji hg hijihi ih hij g hij j i j h hij gfgh hggfg gf,CAO 1029; LHym 91,"(c3)Al(d!fh~)le(h)lú(hss/@hf~)ia,(h_i_h_/jvI'HGh_f_) (,) Chri(fg)stum(f) Dó(fg)mi(f)num(f'_) (,) a(f)scen(fh~)dén(h)tem(hg) in(fe~) cæ(fgwh_GFg)lum,(g.f.) (;) ve(fgwh)ní(e)te,(fgwh) ad(h)o(g)ré(h)mus,(f.) (,) al(f!gw!h>)le(evdeof)lú(fe/ede)ia.(e.d.) (::) Ve(h)ní(h)te,(hi/hss/fgf) (::)",0,Asc,,91
Alleluia Christum qui putari,Alleluia Christum Dominum qui putari dignatus est fabri filius venite adoremus alleluia.,,5,fhj j jjh jkjlkjijh hi h hi h h h h h hg h hi h h j ji h hijihi ih hij g hij j i j h hij gfgh hggfg gf,LHym 370,"(c3)Al(d!fh~)le(h)lú(hss/@hf~)ia,(h_i_h_/jvI'HGh_f_) (,) Chri(fg)stum(f) Dó(fg)mi(f)num,(f'_) (,) qui(f) pu(f)tá(f)ri(fe) di(f)gná(fg)tus(f) est(f') (`) fa(h)bri(hg) fí(f)li(fgwh_GFg)us,(g.f.) (;) ve(fgwh)ní(e)te,(fgwh) ad(h)o(g)ré(h)mus,(f.) (,) al(f!gw!h>)le(evdeof)lú(fe/ede)ia.(e.d.) (::) Ve(h)ní(h)te,(hi/hss/fgf) (::)",16424,1/5,,370
Alleluia Spiritus Domini,Alleluia Spiritus Domini replevit orbem terrarum: venite adoremus alleluia.,"Sap 1, 7",5,fhj j jjh jkjlkjijh hi h h hi h h h hi h hij g hij j ih hij g hij j i j h hij gfgh hggfg gf,CAO 1034; LHym 98,"(c3)Al(d!fh~)le(h)lú(hss/@hf~)ia,(h_i_h_/jvI'HGh_f_) (,) Spí(fg)ri(f)tus(f) Dó(fg)mi(f)ni(f'_) (,) re(f)plé(fg)vit(f) or(fgwh>)bem(e) ter(fgwh)rá(h)rum:(g.f.) (;) ve(fgwh)ní(e)te,(fgwh) ad(h)o(g)ré(h)mus,(f.) (,) al(f!gw!h>)le(evdeof)lú(fe/ede)ia.(e.d.) (::) Ve(h)ní(h)te,(hi/hss/fgf) (::)",0,Pent,,98
Christum Dei Filium Mariæ,Christum Dei Filium Mariæ et Ioseph subditum venite adoremus.,,4*,cdef e ef e e e efgfeefded d d dfe fg gh gf gh gf efedd c cdef ed dfe fg ghgfg fe,LHym 27,"(c4)Chri(cdwefv)stum,(e) De(ef)i(e) Fí(e)li(e)um,(e/fgf/eeof/ded.) (,) Ma(d)rí(d)æ(-dfe) et(fg) Io(g_h)seph(gf) súb(gh)di(gf)tum,(efEDd) (;) ve(c)ní(cdwefv)te,(e_d_) ad(-dfe)o(fg)ré(g_hGFg)mus.(f.e.) (::) Ve(dh)ní(gh)te,(gf/gffe) (::)",0,Fam,,27
Christum Dei Filium qui suo,Christum Dei Filium qui suo nos redemit sanguine venite adoremus.,,4,d ef feffe dc de e e d dh hg hi h gh g fe de efe efgfe de dc gfghgff de e e,LHym 67,"(c4)Chri(d)stum(ef) De(feffe)i(dc) Fí(de)li(e)um,(e.) (,) qui(d) su(dh)o(hg) nos(hi) red(h)é(gh)mit(g) sán(fe>)gui(de)ne,(efe.) (;) ve(efgvFE)ní(de)te,(d_c_) ad([uh{]g_f_!gh_GFf[uh}])o(de)ré(e.)mus.(e.) (::) Ve(e)ní(g)te,(h::)",0,6Q6,,67
Christum Dominum... tentatum,Christum Dominum pro nobis tentatum et passum venite adoremus.,,4*,c dfd e e efgfeefded d d dfe fg gh g f ghgf efedd c cdef ed dfe fg ghgfg fe,LHym 52,"(c4)Chri(c)stum(-dfd~) Dó(e)mi(e)num(e/fgf/eeof/ded.) (,) pro(d) no(d)bis(-dfe) ten(fg)tá(g_h)tum(g') et(f) pas(ghGF)sum,(efEDd) (;) ve(c)ní(cdwefv)te,(e_d_) ad(-dfe)o(fg)ré(g_hGFg)mus.(f.e.) (::) Ve(dh)ní(gh)te,(gf/gffe) (::)",0,Q,,52
Christum Dominum... passum,Christum Dominum pro nobis passum et sepultum venite adoremus.,,4*,c dfd e e efgfeefded d dfe fg gh g g f ghgf efedd c cdef ed dfe fg ghgfg fe,LHym 69,"(c4)Chri(c)stum(-dfd~) Dó(e)mi(e)num(e/fgf/eeof/ded.) (,) pro(d) no(-dfe)bis(fg) pas(g_h)sum(g') et(g) se(f)púl(ghGF)tum,(efEDd) (;) ve(c)ní(cdwefv)te,(e_d_) ad(-dfe)o(fg)ré(g_hGFg)mus.(f.e.) (::) Ve(dh)ní(gh)te,(gf/gffe) (::)",0,6Q7,,69
Christum Dominum qui dilexit,Christum Dominum qui dilexit Ecclesiam venite adoremus.,"cf. Eph 5,25",4*,c dfd e e efgfeefded dfe fg gh g f gh gf efedd c cdef ed dfe fg ghgfg fe,LHym 249,"(c4)Chri(c)stum(-dfd~) Dó(e)mi(e)num,(e/fgf/eeof/ded.) (,) qui(-dfe) di(fg)lé(g_h)xit(g') Ec(f)clé(gh)si(gf)am,(efEDd) (;) ve(c)ní(cdwefv)te,(e_d_) ad(-dfe)o(fg)ré(g_hGFg)mus.(f.e.) (::) Ve(dh)ní(gh)te,(gf/gffe) (::)",0,Ded,,249
- cum alleluia,Christum Dominum qui dilexit Ecclesiam venite adoremus alleluia.,"cf. Eph 5,25",6*,ffg f fg f f f f f f gh h gf f f g fd f gh ihig gf fgh ghffed fghgh gf,LHym 249,"(c4)Chri(f_0fg)stum(f) Dó(fg)mi(f)num,(f') qui(f) di(f)lé(f)xit(f) Ec(gh)clé(h)si(gf)am,(f.) (,) ve(f)ní(g)te,(fd) ad(f)o(g_h)ré(ixh_i_g_)mus,(g.f.) (;) al(f!gw!h>)le(ghffvED)lú(fgwhgh>)ia.(g.f.) (::) Ve(f_h)ní(j)te,(j) (::)",0,Ded TP,,249
Christum Dominum qui Sanctum,Christum Dominum qui Sanctum nobis promisit Spiritum venite adoremus alleluia.,,6*,ffg f fg f f f f f f f f f gh h gf f f g fe f gh ihig gf fgh ghffed fghgh gf,LHym 92,"(c4)Chri(f_0fg)stum(f) Dó(fg)mi(f)num,(f.) (,) qui(f) San(f)ctum(f) no(f)bis(f) pro(f)mí(f)sit(gh) Spí(h)ri(gf)tum,(f.) (,) ve(f)ní(g)te,(fe) ad(f)o(g_h)ré(ixh_i_g_)mus,(g.f.) (;) al(f!gw!h>)le(ghffvED)lú(f!gwhgh>)ia.(g.f.) (::) Ve(f_h)ní(j)te,(j) (::)",0,Tp post Asc,,92
Christum Filium dilectum,Christum Filium dilectum in quo Pater sibi complacuit venite adoremus,"ef. Mt 3,17",7,ghijihi hg gh g g ghj jijkjkl k k kj klmlkl lk k ki j jijk hg ghijghggf fh jklkjkl jji h hkji ghg g,LHym 44,"(c3)Chri(e_f!gwhGFg)stum,(f_e_) (,) Fí(ef)li(e)um(e) di(efoh)lé(hvg!hihijv)ctum,(i.) (,) in(i) quo(ih) Pa(ijwkJIj)ter(j_i_) (,) si(i)bi(ig) com(h)plá(hg/hoi)cu(fe)it,(e_f_!gw_h_e/fveed.) (;) ve(df)ní(h_!i_j_i_/hioj)te,(hhg) ad(f)o(fiHG)ré(e_f_e_)mus,(e.) (::) Ve(i)ní(i!jki)te,(hhg) (::)",0,Bapt,,44
Christum Mariæ,Christum Mariæ filium venite adoremus.,,5,h f hj j jh hjkjkj ijih hijigfghhg f ghgh hijijkj hhg gh hgfefgfg gf,LHym 254,"(c3)Chri(f)stum,(d) Ma(fh)rí(h)æ(h_f_) fí(f_h/ihih)li(g_hGF)um,(fgwh_GEdefvfe.) (:) ve(d)ní(-efef)te,(fgwhg/hih) ad(ffe)o(e_f)ré(fvEDCdwede)mus.(e.d.) (::) Ve(h)ní(h)te,(hi/hssfgf) (::)",0,BMV,,254
- cum alleluia,Christum Mariæ filium venite adoremus alleluia.,,6*,ffg f f f gh h gf f f g fe f gh ihig gf fgh ghffed fghgh gf,LHym 254,"(c4)Chri(f_0fg)stum,(f') Ma(f)rí(f)æ(gh) fí(h)li(gf)um,(f.) (,) ve(f)ní(g)te,(fe) ad(f)o(g_h)ré(ixh_i_g_)mus,(g.f.) (;) al(f!gw!h>)le(ghffvED)lú(fgwhgh>)ia.(g.f.) (::) Ve(f_h)ní(j)te,(j) (::)",0,BMVTP,,255
Christum natum qui beatum,Christum natum qui beatum hodie coronavit Stephanum venite adoremus.,,4*,c dfd e efgfeefded dfe fg g gh hg fg g f ghg h gf gh gf efedd c cdef ed dfe fg ghgfg fe,LHym 478,"(c4)Chri(c)stum(-dfd~) ná(e)tum,(e/fgf/eeof/ded.) (,) qui(-dfe) be(fg)á(g)tum(gh) hó(hg)di(fg)e(g'_) co(f)ro(-ghg)ná(h)vit(gf) Sté(gh)pha(gf)num,(efEDd) (;) ve(c)ní(cdwefv)te,(e_d_) ad(-dfe)o(fg)ré(g_hGFg)mus.(f.e.) (::) Ve(dh)ní(gh)te,(gf/gffe) (::)",0,26/12,,478
Christum natum qui innocentes,Christum natum qui Innocentes coronavit martyres venite adoremus.,,4*,c dfd e efgfeefded d dfe fg gh g f ghg h gf gh gf efedd c cdef ed dfe fg ghgfg fe,LHym 484,"(c4)Chri(c)stum(-dfd~) ná(e)tum,(e/fgf/eeof/ded.) (,) qui(d) In(-dfe)no(fg)cén(g_h)tes(g') co(f)ro(-ghg)ná(h)vit(gf) már(gh)ty(gf)res,(efEDd) (;) ve(c)ní(cdwefv)te,(e_d_) ad(-dfe)o(fg)ré(g_hGFg)mus.(f.e.) (::) Ve(dh)ní(gh)te,(gf/gffe) (::)",0,28/12,,484
Christum pastorum,Christum pastorum principem venite adoremus.,,3,gh g g gi j iih jhijihg ghigeef degh h jhijihg gge fg gefg fe,LHym 289,"(c3)Chri(e_f)stum,(e) pa(e)stó(eg)rum(h) prín(ggf)ci(hfgwhGFE)pem,(e/fgeccod.) (;) ve(b/ceOf)ní(f)te,(hfgwhG_FE.) ad(eec)o(de)ré(e_c_doe)mus.(d.c.) (::) Ve(ggoh)ní(fg)te,(gvFE) (::)",0,Past,,289
- cum alleluia,Christum pastorum principem venite adoremus alleluia.,,6*,ffg f f f gh h gf f f g fe f gh ihig gf fgh ghffed fghgh gf,LHym 289,"(c4)Chri(f_0fg)stum,(f') pa(f)stó(f)rum(gh) prín(h)ci(gf)pem,(f.) (,) ve(f)ní(g)te,(fe) ad(f)o(g_h)ré(ixh_i_g_)mus,(g.f.) (;) al(f!gw!h>)le(ghffvED)lú(fgwhgh>)ia.(g.f.) (::) Ve(f_h)ní(j)te,(j) (::)",0,Past TP,,289
Christum regem pro nobis,Christum regem pro nobis in Cruce exaltatum venite adoremus.,,4*,c dfd e efgfeefded d d dfe fg gh g g f ghgf efedd c cdef ed dfe fg ghgfg fe,LHym 431,"(c4)Chri(c)stum(-dfd~) re(e)gem(e/fgf/eeof/ded.) (,) pro(d) no(d)bis(-dfe) in(fg) Cru(g_h)ce(g') e(g)xal(f)tá(ghGF)tum,(efEDd) (;) ve(c)ní(cdwefv)te,(e_d_) ad(-dfe)o(fg)ré(g_hGFg)mus.(f.e.) (::) Ve(dh)ní(gh)te,(gf/gffe) (::)",0,14/9,,431
Cristum regem qui suam,Christum regem qui suam coronavit Matrem venite adoremus.,,7,gji j kjklkl lk k kjkl k i jk kl k jkljji ghijghggf fh jklkjkl jji h hkji ghg g,LHym 419,"(c3)Chri(-ehg)stum(h) re(i_h_iwjij)gem,(j.i.) (,) qui(i) su(ih/ij)am(i) co(g)ro(hi)ná(ij)vit(i) Ma(h!ijhhg)trem,(e_f_!gw_h_e/fveed.) (;) ve(df)ní(h_!i_j_i_/hioj)te,(hhg) ad(f)o(fiHG)ré(e_f_e_)mus.(e.) (::) Ve(i)ní(i!jki)te,(hhg) (::)",0,22/8,,419
Christus apparuit 1,Christus apparuit nobis: venite adoremus.,,4**,defgh g g hghij h gh hhgh ffefg defg g ghhghe dfgh g fghhgh e,CAO 1054; LHym 16,"(c4)Chri([uh{]d_e!fw_0!g_h[uh}])stus(g) ap(g)pá([oh{]h_1g_1hw_1!ij_1[oh}])ru(h)it(gh~) no(hhgh)bis:(ffe/fog.) (;) ve(d!e!fog)ní(g)te,(ghhg/h_e_) ad(df!gwh)o(g)ré(fghvhgh)mus.(e.) (::) Ve(dh)ní(hi)te,(h) (::)",0,Ep,,16
Christus apparuit 2,Christus apparuit nobis: venite adoremus.,,E,c de e e f ed e fg g e f dc df fgfe e,CAO 1054; LHym 19,"(f3)Chri(e)stus(fg) ap(g)pá(g)ru(h)it(gf~) no(g)bis:(h.i.) (;) ve(i)ní(g)te,(h) ad(fe)o(fh)ré(hiHG)mus.(g.) (::) Ve(ggoh)ní(fg)te,(ffe) (::)",0,N post Ep,,19
Christus natus est 1,Christus natus est nobis: venite adoremus.,,4**,defgh g g hghij h gh hhgh ffefg defg g ghhghe dfgh g fghhgh e,CAO 1054; LHym 16,"(c4)Chri([uh{]d_e!fw_0!g_h[uh}])stus(g) na([oh{]h_1g_1hw_1!ij_1[oh}])tus(h) est(gh~) no(hhgh)bis:(ffe/fog.) (;) ve(d!e!fog)ní(g)te,(ghhg/h_e_) ad(df!gwh)o(g)ré(fghvhgh)mus.(e.) (::) Ve(dh)ní(hi)te,(h) (::)",0,N-25/12,,16
Christus natus est 2,Christus natus est nobis: venite adoremus.,,E,c de e f ed e fg g e f dc df fgfe e,CAO 1055; LHym 19,"(f3)Chri(e)stus(fg) na(g)tus(h) est(gf~) no(g)bis:(h.i.) (;) ve(i)ní(g)te,(h) ad(fe)o(fh)ré(hiHG)mus.(g.) (::) Ve(ggoh)ní(fg)te,(ffe) (::)",0,N ante Ep,,19
Cor Iesu,Cor Iesu amore nostri vulneratum venite adoremus.,,4*,cdfef e efgfeefded d dfe fg gh g g f ghgf efedd c cdef ed dfe fg ghgfg fe,LHym 118,"(c4)Cor(cd!fef~) Ie(e)su(e/fgf/eeof/ded.) (,) a(d)mó(-dfe)re(fg) no(g_h)stri(g') vul(g)ne(f)rá(ghGF)tum,(efEDd) (;) ve(c)ní(cdwefv)te,(e_d_) ad(-dfe)o(fg)ré(g_hGFg)mus.(f.e.) (::) Ve(dh)ní(gh)te,(gf/gffe) (::)",0,Cord,,118
Deum qui glorificatur,Deum qui glorificatur in concilio sanctorum venite adoremus.,,7,ghijihi hg g gh g ghj jijkjkl k k k klm lk lk j jkljji ghijghggf fh jklkjkl jji h hkji ghg g,LHym 461,"(c3)De(e_f!gwhGFg)um,(f_e_) (,) qui(e) glo(ef)ri(e)fi(efoh)cá(hvg!hihijv)tur(i.) (,) in(i) con(i)cí(ijwk)li(ji)o(ji) san(h)ctó(h!ijhhg)rum,(e_f_!gw_h_e/fveed.) (;) ve(df)ní(h_!i_j_i_/hioj)te,(hhg) ad(f)o(fiHG)ré(e_f_e_)mus.(e.) (::) Ve(i)ní(i!jki)te,(hhg) (::)",0,1/11,,462
Deum verum,Deum verum unum in Trinitate et Trinitatem in Unitate venite adoremus.,,4,cdef e dffe dc de e e c de efg ffe e g gh hghgfg ffe e dc de efgfe dde cd e fg gfghgff de e e,CAO 1061; LHym 106,"(c4)De(cdwefv)um(e) ve(dffe)rum,(d_c_) (,) u(de)num(e') in(e>) Tri(c)ni(de)tá(efwg)te(ffe.) (;) et(e) Tri(g)ni(gh)tá(h_g_!hv_GFg)tem(ffe.) (,) in(e) U(dc)ni(de)tá(efwg_FE)te,(ddoe.) (;) ve(c_d)ní(e)te,(fg) ad([uh{]g_f_!gh_GFf[uh}])o(de)ré(e.)mus.(e.) (::) Ve(e)ní(g)te,(h) (::)",16426,Trn,,106
Dominum Deum nostrum,Dominum Deum nostrum venite adoremus.,"Ps 94,6",E,c de e ef e f dedc ef g f gf de e e,LHym 180,"(f3)Dó(e)mi(fg)num(g) De(gh)um(g) no(h)strum,(fgF_E_) (;) ve(gh)ní(i)te,(h) ad(ih)o(fg)ré(g.)mus.(g.) (::) Ve(g/goh)ní(fg)te,(ffe) (::)",0,1-4H6,,180
Dominum loquentem,Dominum loquentem in evangelio venite adoremus.,,4*,cdef e e e ef e e e fg ge f dedc cefg g gh hgf g gfe e,LHym 457,"(c4)Dó(cdwefv)mi(e)num(e) lo(e)quén(ef~)tem(e) in(e) e(e)van(fg~)gé(ge)li(f)o,(deD_C_) (;) ve([uh{]c_e!fw_g[uh}])ní(g)te,(g_h) ad(hvGF)o(g)ré(gv_FE)mus.(e.) (::) Ve(dh)ní(gh)te,(gf/gffe) (::)",0,18/10,,457
- cum alleluia,Dominum loquentem in evangelio venite adoremus alleluia alleluia.,,6*,ffg f f f fg f f f gh h gf f f g fe f gh ihig gf fgh ghffed fghgh gf,LHym 365,"(c4)Dó(f_0fg)mi(f)num(f') lo(f)quén(fg~)tem(f') in(f) e(f)van(gh)gé(h)li(gf)o,(f.) (,) ve(f)ní(g)te,(fe) ad(f)o(g_h)ré(ixh_i_g_)mus,(g.f.) (;) al(f!gw!h>)le(ghffvED)lú(fgwhgh>)ia.(g.f.) (::) Ve(f_h)ní(j)te,(j) (::)",0,25/4,,365
Dominum qui fecit nos,Dominum qui fecit nos venite adoremus.,"Ps 94,6",6,f f fg g gf g gh h gf gh ghgf fg g f,LHym179,"(c4)Dó(f)mi(f)num(fg) qui(g) fe(gf)cit(g) nos,(g.h.) (;) ve(h)ní(gf)te,(gh) ad(g_h_G_F_)o(fg)ré(g.)mus.(f.) (::) Ve(h)ní(g)te,(h) (::)",0,1-4H4,,179
Domum Dei,Domum Dei decet sanctitudo: sponsum eius Christum adoremus in ea.,"Ps 92,5 [... sanctitudo]",7,gji j kjklkl lk k lmn nmml kj jkljji ghijghggf fhijjk j jk kjijihghg ijklkjij ji i jk klkjih j gfg ghg g,LHym 248,"(c3)Do(-ehg)mum(h) De(i_h_iwjij)i(j.i.) (,) de(i)cet(jkwl) san(lkkj)cti(ih)tú(h!ijhhg)do:(e_f!gwh_e_fveed.) (;) spon(d_f!gwhh!i>)sum(h) e(hi~)ius(ivH_G_hv_G_FEf_e_) Chri(gh!ijIHGh)stum(h.g.) (,) ad(g)o(hi)ré(ijvIHGF)mus(h.) in(ede) e(e_f_e_)a.(e.) (::) Ve(i)ní(i!jki)te,(hhg) (::)",0,Ded,,248
Ecce venit,Ecce venit ad templum sanctum suum dominator Dominus: gaude et lætare Sion occurrens Deo tuo.,"cf. Mal 3,1 [... Dominus]",4,d dfd e efgfeefded fd dfe f g fd e efgfeefded d dh h g e efgff edefe c de e e f fd dgfgh g c de efed fg gfghighg egff fe,LHym 345,"(c4)Ec(d)ce(-dfd) ve(e)nit(e/fgf/eeofded.) (,) ad(fd~) tem(-dfe~)plum(f) san(g)ctum(fd~) su(e)um(e/fgf/eeofded.) (;) do(d)mi(dh)ná(h)tor(g>') Dó(e)mi(e!fgff)nus:(ed/efe.) (;) gau(c)de(de) et(e) læ(e)tá(fsss)re,(fd) Si(-dgfghv)on,(g.) (;) oc(c)cúr(de)rens(efED) De(f_g)o(gvfghvig/h_g_) tu(egff)o.(f.e.) (::) Ve(e)ní(g)te,(h) (::)",0,2/2,,345
Exsultent in Domino,Exsultent in Domino sancti alleluia.,,6*,d ffg f f g fe f gh ihiggf fgh ghffed fghgh gf,LHym 274,"(c4)Ex(d)súl(f_0fg)tent(f') in(f) Dó(g)mi(fe)no(f) san(g_h)cti,(ixh_i/gg.f.) (;) al(f!gw!h>)le(ghffvED)lú(f!gwhgh>)ia.(g.f.) (::) Ve(f_h)ní(j)te,(j) (::)",0,MartTP,,274
Festivitatem Virginis,Festivitatem Virginis Mariæ celebremus: Christum eius filium adoremus Dominum.,,2,c cd d defd dc d fe fdedd cd defd dc d fe fgfe e g gh ihigh fe fg fed defdeddc f ed dggf ed efd cd d,LHym 255,"(f3)Fe(e)sti(ef)vi(f)tá(f/ghf)tem(fe) Vír(f)gi(hg)nis(hfgff) Ma(ef)rí(f/ghf)æ(f_e) ce(f)le(hg)bré(h_iHG)mus:(g.) (;) Chri(i)stum(ij) e(kxj/kij>)ius(hg) fí(hi)li(hv_GF)um(f/ghf/gffe.) (,) ad(h)o(gf)ré(fiih)mus(gf) Dó(ghf)mi(ef)num.(f.) (::z) Ve(f)ní(e)te,(f) (::)",0,BMV,,255
Fontem sapientiæ,Fontem sapientiæ Dominum venite adoremus.,,4,cdef e fe d ef g gh gf de efe dh hi h hgf g gfe e,LHym 301,"(c4)Fon(cdwefv)tem(e) sa(fe)pi(d)én(e_f)ti(g)æ(gh) Dó(gf)mi(de)num,(efe.) (;) ve(dh)ní(hi)te,(h) ad(hv_GF)o(g)ré(gv_FE)mus.(e.) (::) Ve(e)ní(g)te,(h) (::)",0,Doct,,301
- cum alleluia,Fontem sapientiæ Dominum venite adoremus alleluia.,,6*,ffg f f f f f gh h gf f f g fe f gh ihig gf fgh ghffed fghgh gf,LHym 301,"(c4)Fon(f_0fg)tem(f') sa(f)pi(f)én(f)ti(f)æ(gh) Dó(h)mi(gf)num,(f.) (,) ve(f)ní(g)te,(fe) ad(f)o(g_h)ré(ixh_i_g_)mus,(g.f.) (;) al(f!gw!h>)le(ghffvED)lú(fgwhgh>)ia.(g.f.) (::) Ve(f_h)ní(j)te,(j) (::)",0,Doct TP,,301
Hodie scietis,Hodie scietis quia veniet Dominus et mane videbitis gloriam eius.,"cf. Ex 16,6-7",E,dfe e e e ef e e f fd dfe fg g gfghgh hg ef g f fe d dc dfgddc eef fd f fg e,CAO 1084; LHym 10,"(f3)Hó(fhg)di(g)e(g') sci(g)é(gh)tis(g'_) (,) qui(g)a(hsss) vé(hf)ni(-fhg)et(hi~) Dó(i)mi(i_h_iwjij)nus,(j.i.) (;) et(g_h) ma(i)ne(h) vi(hg)dé(f)bi(fe)tis(fshssiffe.) (,) gló(ggoh)ri(hf)am(h) e(hi~)ius.(g.) (::) Ve(ggoh)ní(fg)te,(ffe) (::)",0,24/12,,10
Hodie si vocem,Hodie si vocem Domini audieritis nolite obdurare corda vestra.,"Ps 94,8",E,dfe e e e ef e e e f fd dfe f gfghgh hg ef g f e dc d dfgddc eefd f fg e,CAO 1085; LHym 52,"(f3)Hó(fhg)di(g)e,(g') si(g) vo(gh)cem(g'_) (,) Dó(g)mi(g)ni(hsss) au(hf~)di(-fhg)é(h)rí(i_h_iwjij)tis,(j.i.) (;) no(g_h)lí(i)te(h) ob(g)du(fe)rá(f)re(fshssiffe.) (,) cor(ggo/@hf~)da(h) ve(hi)stra.(g.) (::) Ve(ggoh)ní(fg)te,(ffe) (::)",0,Q,,52
Iesum Christum Regem,Iesum Christum Regem regum venite adoremus.,,7,gji j kjklkl lk klml kj jkljji ghijghggf fh jklkjkl jji h hkji ghg g,LHym 124,"(c3)Ie(-ehg)sum(h) Chri(i_h_iwjij)stum,(j.i.) (,) Re(ijwk_j>_)gem(ih) re(h!ijhhg)gum,(e_f_!gw_h_e/fveed.) (;) ve(df)ní(h_!i_j_i_/hioj)te,(hhg) ad(f)o(fiHG)ré(e_f_e_)mus.(e.) (::) Ve(i)ní(i!jki)te,(hhg) (::)",0,Reg,,124
Immaculatam Conceptionem,Immaculatam Conceptionem Virginis Mariæ celebremus: Christum eius filium adoremus Dominum.,,2,c cd d defd dc d dc d de d d fe fdedd cd defd dc d fe fgfe e g gh ihigh fe fg fed defdeddc f ed dggf ed efd cd d,LHym 476,"(f3)Im(e)ma(ef)cu(f)lá(f/ghf)tam(fe) Con(f)cep(fe)ti(f)ó(fg)nem(f'_) Vír(,f)gi(hg)nis(hfgff) Ma(ef)rí(f/ghf)æ(f_e) ce(f)le(hg)bré(h_iHG)mus:(g.) (;) Chri(i)stum(ij) e(kxj/kij>)ius(hg) fí(hi)li(hv_GF)um(f/ghf/gffe.) (,) ad(h)o(gf)ré(fiih)mus(gf) Dó(ghf)mi(ef)num.(f.) (::) Ve(f)ní(e)te,(f) (::)",0,8/12,,476
Iubilemus Deo,Iubilemus Deo salutari nostro.,"Ps 94,1",6,f f fg f fgh ghg f gh gfd fg g f,LHym 179,"(c4)Iu(f)bi(f)lé(-fqg)mus(f) De(fgwh)o(-gh.g.) (,) sa(f)lu(gh)tá(gv_FD)ri(fg) no(g.)stro.(f.) (::) Ve(h)ní(g)te,(h) (::)",0,1-4H2,,179
Laudemus... Martini,Laudemus Deum nostrum in confessione beati Martini.,,2,cd d defddc d fe fgfe e g gh ihigh fefg fed defdeddc cd dggf ed efd cd d,LHym 465,"(f3)Lau(ef~)dé(f)mus(f/ghffe) De(f)um(hg~) no(h_iHG)strum(g.) (;) in(i) con(ij~)fes(kxj/kij)si(hg/hi)ó(hv_GF)ne(f/ghf/gffe.) (,) be(ef)á(fiih)ti(gf) Mar(ghf)tí(ef)ni.(f.) (::) Ve(f)ní(e)te,(f) (::)",0,11/11,,465
Laudemus... doctoris gentium,Laudemus Deum nostrum in conversione Doctoris gentium.,,2,cd d defddc d fe fgfe e g gh ihigh fefg fed defdeddc cd dggf ed efd cd d,LHym 342,"(f3)Lau(ef~)dé(f)mus(f/ghffe) De(f)um(hg~) no(h_iHG)strum(g.) (;) in(i) con(ij~)ver(kxj/kij)si(hg/hi)ó(hv_GF)ne(f/ghf/gffe.) (,) Do(ef)ctó(fiih)ris(gf) gen(ghf)ti(ef)um.(f.) (::) Ve(f)ní(e)te,(f) (::)",0,25/1,,342
Laudemus... Ioseph,Laudemus Deum nostrum in sollemnitate beati Ioseph.,,2,cd d defddc d fe fgfe e g gh ihigh fefg fed defdeddc cd dggf edefd cd d,LHym 357,"(f3)Lau(ef~)dé(f)mus(f/ghffe) De(f)um(hg~) no(h_iHG)strum(g.) (;) in(i) sol(ij)lem(kxj/kij>)ni(hg/hi)tá(hv_GF)te(f/ghf/gffe.) (,) be(ef)á(fiih)ti(gf/ghf) Io(ef)seph.(f.) (::) Ve(f)ní(e)te,(f) (::)",0,19/3,,357
Maternitatem Virginis,Maternitatem Virginis Mariæ celebremus: Christum eius filium adoremus Dominum.,,2,c cd d defd dc d fe fdedd cd defd dc d fe fgfe e g gh ihigh fe fg fed defdeddc f ed dggf ed efd cd d,CAO 1107 [Nativitatem Virginis...]; LHym 33,"(f3)Ma(e)ter(ef)ni(f)tá(f/ghf)tem(f_e_) Vír(f)gi(hg)nis(hfgff) Ma(ef)rí(f/ghf)æ(f_e_) ce(f)le(hg)bré(h_iHG)mus:(g.) (;) Chri(i)stum(ij) e(kxj/kij>)ius(hg) fí(hi)li(hv_GF)um(f/ghf/gffe.) (,) ad(h)o(gf)ré(fiih)mus(gf) Dó(ghf)mi(ef)num.(f.) (::) Ve(f)ní(e)te,(f) (::)",0,N-1/1,,33
Mirabilem in sanctis,Mirabilem in sanctis suis Dominum venite adoremus.,,4,c cdef e e e efg gf g gh gf de efe dh hi h hgf g gfe e,LHym 311,"(c4)Mi(c)rá(cdwefv)bi(e)lem(e) in(e) san(efg)ctis(gf) su(g)is(gh) Dó(gf)mi(de)num,(efe.) (;) ve(dh)ní(hi)te,(h) ad(hv_GF)o(g)ré(gv_FE)mus.(e.) (::) Ve(e)ní(g)te,(h) (::)",0,Vir Mul Rel,,311
- cum alleluia,Mirabilem in sanctis suis Dominum venite adoremus alleluia.,,6*,d ffg f f f f f f gh h gf f f g fe f gh ihig gf fgh ghffed fghgh gf,LHym 311,"(c4)Mi(d)rá(f_0fg)bi(f)lem(f') in(f) san(f)ctis(f) su(f)is(gh) Dó(h)mi(gf)num,(f.) (,) ve(f)ní(g)te,(fe) ad(f)o(g_h)ré(ixh_i_g_)mus,(g.f.) (;) al(f!gw!h>)le(ghffvED)lú(fgwhgh>)ia.(g.f.) (::) Ve(f_h)ní(j)te,(j) (::)",0,Vir Mul Rel TP,,311
Nativitatem Virginis,Nativitatem Virginis Mariæ celebremus: Christum eius filium adoremus Dominum.,,2,c cd d defd dc d fe fdedd cd defd dc d fe fgfe e g gh ihigh fe fg fed defdeddc f ed dggf ed efd cd d,LHym 428,"(f3)Na(e)ti(ef)vi(f)tá(f/ghf)tem(f_e_) Vír(f)gi(hg)nis(hfgff) Ma(ef)rí(f/ghf)æ(f_e_) ce(f)le(hg)bré(h_iHG)mus:(g.) (;) Chri(i)stum(ij) e(kxj/kij>)ius(hg) fí(hi)li(hv_GF)um(f/ghf/gffe.) (,) ad(h)o(gf)ré(fiih)mus(gf) Dó(ghf)mi(ef)num.(f.) (::) Ve(f)ní(e)te,(f) (::)",0,8/9,,428
Panem vitæ,Panem vitæ Christum Dominum venite adoremus.,,7,gji j kjklkl lk klkj j jijk hg ghijghggf fh jklkjkl jji h hkji ghg g,LHym 113,"(c3)Pa(-ehg)nem(h) vi(i_h_iwjij)tæ(j.i.) (,) Chri(ijIH)stum(h) Dó(hg/hoi)mi(fe)num,(e_f_!gw_h_e/fveed.) (;) ve(df)ní(h_!i_j_i_/hioj)te,(hhg) ad(f)o(fiHG)ré(e_f_e_)mus.(e.) (::) Ve(i)ní(i!jki)te,(hhg) (::)",0,Corp,,113
Populus Domini,Populus Domini et oves pascuæ eius venite adoremus eum.,"Ps 94,7.6",D,h g h j jk k k j k l k j k k lm l k l kj kl l k k,LHym 180,"(c3)Pó(f)pu(e)lus(f) Dó(h)mi(hi)ni(i'_) (,) et(i) o(h')ves(i) pás(j)cu(i)æ(h) e(i.)ius,(i.) (;) ve(jk)ní(j)te,(i') ad(j)o(ih)ré(ij)mus(j) e(i.)um.(i.) (::) Ve(i)ní(h)te,(i) (::)",0,1-4H7,,180
Prope est iam 1,Prope est iam Dominus: venite adoremus.,,4*,cdef e e fg ge f dedc cefg g gh hgf g gfe e,CAO 1120; LHym 10,"(c4)Pro(cdwefv)pe(e) est(e) iam(fg~) Dó(ge)mi(f)nus:(deD_C_) (;) ve([uh{]c_e!fw_g[uh}])ní(g)te,(g_h) ad(hvGF)o(g)ré(gv_FE)mus.(e.) (::) Ve(dh)ní(gh)te,(gf/gffe) (::)",0,Adv post 17/12 H1,,10
Prope est iam 2,Prope est iam Dominus: venite adoremus.,,6,f f fg g gf g gh h gf gh ghgf fg g f,CAO 1120; LHym 10,"(c4)Pro(f)pe(f) est(fg) iam(g) Dó(gf)mi(g)nus:(g.h.) (;) ve(h)ní(gf)te,(gh) ad(g_h_G_F_)o(fg)ré(g.)mus.(f.) (::) Ve(h)ní(g)te,(h) (::)",0,Adv post 17/12 H2-7,,10
Regem angelorum,Regem angelorum Dominum venite adoremus.,,3,gh g g g gi j iih jhijihg ghigeef degh h jhijihg gge fg gefg fe,LHym 441,"(c3)Re(e_f>)gem(e) an(e)ge(e)ló(eg)rum(h) Dó(ggf)mi(h_f_gwh_G_FE)num,(e/fgeccod.) (;) ve(b/ceOf)ní(f)te,(h_f_gwh_G_FE.) ad(eec)o(de)ré(e_c_doe)mus.(d.c.) (::) Ve(ggoh)ní(fg)te,(gvFE) (::)",0,29/9 2/10,,441
Regem Apostolorum 1,Regem apostolorum Dominum venite adoremus.,,3,gh g g g g gi j iih jhijihg ghigeef degh h jhijihg gge fg gefg fe,LHym 266,"(c3)Re(e_f>)gem(e) a(e)po(e)sto(e)ló(eg)rum(h) Dó(ggf)mi(hfgwhGFE)num,(e/fgeccod.) (;) ve(b/ceOf)ní(f)te,(hfgwhGFE.) ad(eec)o(de)ré(e_c_doe)mus.(d.c.) (::) Ve(ggoh)ní(fg)te,(gvFE) (::)",0,Ap,,266
Regem Apostolorum 2,Regem apostolorum Dominum venite adoremus.,,4*,cdef e e e e e fg ge f dedc cefg g gh hgf g gfe e,LHym 266,"(c4)Re(cdwefv)gem(e) a(e)po(e)sto(e)ló(e)rum(fg~) Dó(ge)mi(f)num,(deD_C_) (;) ve([uh{]c_e!fw_g[uh}])ní(g)te,(g_h) ad(hvGF)o(g)ré(gv_FE)mus.(e.) (::) Ve(dh)ní(gh)te,(gf/gffe) (::)",0,Ap,,266
- cum alleluia,Regem apostolorum Dominum venite adoremus alleluia.,,6*,ffg f f f f f gh h gf f f g fe f gh ihig gf fgh ghffed fghgh gf,LHym 266,"(c4)Re(f_0fg)gem(f') a(f)po(f)sto(f)ló(f)rum(gh) Dó(h)mi(gf)num,(f.) (,) ve(f)ní(g)te,(fe) ad(f)o(g_h)ré(ixh_i_g_)mus,(g.f.) (;) al(f!gw!h>)le(ghffvED)lú(fgwhgh>)ia.(g.f.) (::) Ve(f_h)ní(j)te,(j) (::)",0,Ap TP,,266
Regem cui omnia,Regem cui omnia vivunt venite adoremus.,,6,f f f f fg g gf g gh h gf gh ghgf fg g f,LHym 328,"(c4)Re(f)gem(f) cu(f)i(f) óm(fg)ni(g)a(gf) vi(g)vunt,(g.h.) (;) ve(h)ní(gf)te,(gh) ad(g_h_G_F_)o(fg)ré(g.)mus.(f.) (::) Ve(h)ní(g)te,(h) (::)",0,Def,,328
- cum alleluia,Regem cui omnia vivunt venite adoremus alleluia.,,6*,ffg f f f f f gh hgf f f g fe f gh ihig gf fgh ghffed fghgh gf,LHym 328,"(c4)Re(f_fg)gem(f') cu(f)i(f) óm(f)ni(f)a(gh) vi(hv_GF)vunt,(f.) (,) ve(f)ní(g)te,(fe) ad(f)o(g_h)ré(ixh_i_g_)mus,(g.f.) (;) al(f!gw!h>)le(ghffvED)lú(f!gwhgh>)ia.(g.f.) (::) Ve(f_h)ní(j)te,(j) (::)",0,DefTP,,328
Regem magnum,Regem magnum Dominum venite adoremus.,"Ps 94,3",E,c de f ed e e fg g e f dc df fgfe e,LHym 179,"(f3)Re(e)gem(fg) ma(h)gnum(gf~) Dó(g)mi(g)num,(h.i.) (;) ve(i)ní(g)te,(h) ad(fe)o(fh)ré(hiHG)mus.(g.) (::) Ve(ggoh)ní(fg)te,(ffe) (::)",0,1-4H3,,179
Regem martyrum 1,Regem martyrum Dominum venite adoremus.,,4*,cdef e e e fg ge f dedc cefg g gh hgf g gfe e,LHym 273,"(c4)Re(cdwefv)gem(e) már(e)ty(e)rum(fg~) Dó(ge)mi(f)num,(deD_C_) (;) ve(c_e!fw_g)ní(g)te,(g_h) ad(hvGF)o(g)ré(gv_FE)mus.(e.) (::) Ve(dh)ní(gh)te,(gf/gffe) (::)",0,Mart soll. fest.,,273
Regem martyrum 2,Regem martyrum Dominum venite adoremus.,,E,c de e f ed e e fg g e f dc df fgfe e,LHym 273,"(f3)Re(e)gem(fg) már(g)ty(h)rum(gf) Dó(g)mi(g)num,(h.i.) (;) ve(i)ní(g)te,(h) ad(fe)o(fh)ré(hiHG)mus.(g.) (::) Ve(ggoh)ní(fg)te,(ffe) (::)",0,Mart mem.,,273
Regem venturum 1,Regem venturum Dominum venite adoremus.,,5,h f hj j jh hjkjkj ijih hijigfghhg f ghgh hijijkj hhg gh hgfefgfg gf,CAO 1149; LHym 4,"(c3)Re(f)gem(d) ven(fh)tú(h)rum(h_f_) Dó(f_h/ihih)mi(g_hGF)num,(fgwh_GEdefvfe.) (:) ve(d)ní(-efef)te,(fgwhg/hih) ad(ffe)o(e_f)ré(fv_E_D_C_dwede)mus.(e.d.) (::) Ve(h)ní(h)te,(hi/hssfgf) (::)",0,Adv ante 17/12 H1,,4
Regem venturum 2,Regem venturum Dominum venite adoremus.,,6,f f f fg g gf g gh h gf gh ghgf fg g f,CAO 1149; LHym 4,"(c4)Re(f)gem(f) ven(f)tú(fg)rum(g) Dó(gf)mi(g)num,(g.h.) (;) ve(h)ní(gf)te,(gh) ad(g_h_G_F_)o(fg)ré(g.)mus.(f.) (::) Ve(h)ní(g)te,(h) (::)",0,Adv ante 17/12 H2-7,,4
Regem virginum 1,Regem virginum Dominum venite adoremus.,,5,h f hj j jh hjkjkj ijih hijigfghhg f ghgh hijijkj hhg gh hgfefgfg gf,LHym 305,"(c3)Re(f)gem(d) vír(fh~)gi(h)num(h_f_) Dó(f_h/ihih)mi(g_hGF)num,(fgwh_GEdefvfe.) (:) ve(d)ní(-efef)te,(fgwhg/hih) ad(ffe)o(e_f)ré(fv_E_D_C_dwede)mus.(e.d.) (::) Ve(h)ní(h)te,(hi/hssfgf) (::)",0,Virg soll. fest.,,305
Regem virginum 2,Regem virginum Dominum venite adoremus.,,E,c de e f ed e e fg g e f dc df fgfe e,LHym 305,"(f3)Re(e)gem(fg) vír(g)gi(h)num(gf) Dó(g)mi(g)num,(h.i.) (;) ve(i)ní(g)te,(h) ad(fe)o(fh)ré(hiHG)mus.(g.) (::) Ve(ggoh)ní(fg)te,(ffe) (::)",0,Virg mem.,,305
- cum alleluia,Regem virginum Dominum venite adoremus alleluia.,,6*,ffg f f f gh h gf f f g fe f gh ihig gf fgh ghffed fghgh gf,LHym 305,"(c4)Re(f_0fg)gem(f') vír(f)gi(f)num(gh) Dó(h)mi(gf)num,(f.) (,) ve(f)ní(g)te,(fe) ad(f)o(g_h)ré(ixh_i_g_)mus,(g.f.) (;) al(f!gw!h>)le(ghffvED)lú(fgwhgh>)ia.(g.f.) (::) Ve(f_h)ní(j)te,(j) (::)",0,Virg TP,,305
Salvatorem mundi,Salvatorem mundi qui passioni suæ sociavit Matrem venite adoremus.,,4*,f de ef e e egfefeded d dfe fg g f fghgh hg g gh h gf efgfe fdefe c cdef ed dfe fg ghgfg fe,LHym 433,"(c4)Sal(f)va(de)tó(ef)rem(e) mun(e)di,(egF_E_fv_EDe_d_) (,) qui(d) pas(-dfe)si(fg)ó(g)ni(f) su(f!gwhgh)æ(h_g_) (,) so(g)ci(gh)á(h)vit(gf) Ma(efgvFE)trem,(fd/efe.) (:) ve(c)ní(cdwefv)te,(e_d_) ad(-dfe)o(fg)ré(g_hGFg)mus.(f.e.) (::) Ve(dh)ní(gh)te,(gf/gffe) (::)",0,15/9,,433
Summum regem,Summum Regem gloriæ venite adoremus.,,5,h f hj jh hjkjkj ijih hijigfghhg f ghgh hijijkj hhg gh hgfefgfg gf,LHym 408,"(c3)Sum(f)mum(d) Re(fh~)gem(h_f_) gló(f_h/ihih)ri(g_hGF)æ,(fgwh_GEdefvfe.) (:) ve(d)ní(-efef)te,(fgwhg/hih) ad(ffe)o(e_f)ré(fv_E_D_C_dwede)mus.(e.d.) (::) Ve(h)ní(h)te,(hi/hssfgf) (::)",0,6/8,,407
Surrexit Dominus,Surrexit Dominus vere alleluia.,"Lc 24,34",6*,d ffg f g fe f gh ihiggf fgh ghffed fghgh gf,CAO 1166; LHym 79,"(c4)Sur(d)ré(f_0fg)xit(f) Dó(g)mi(fe)nus(f) ve(g_h)re,(ixh_i/gg.f.) (;) al(f!gw!h>)le(ghffvED)lú(f!gwhgh>)ia.(g.f.) (::) Ve(f_h)ní(j)te,(j) (::)",0,TP ante Asc,,79
Venite adoremus regem,Venite adoremus Regem regum cuius hodie ad æthereum Virgo Mater assumpta est cælum.,,4,c def e fe d ef gh gf de ef ed g gh hih ghgf ed c df fe de e ffe d dgh g gf gh gf de e e,LHym 415,"(c4)Ve(c)ní(dwefv)te,(e.) ad(fe)o(d)ré(e_f)mus(gh) Re(gf~)gem(de) re(e_f)gum,(e.d.) (;) cu(g)ius(gh) hó(hih)di(ghGF)e(e.d.) (;) ad(c) æ(df)thé(fe)re(de)um(e.) Vir(ffe)go(d) Ma(dghv)ter(g.) (,) as(gf)súm(gh>)pta(gf) est(de) cæ(e.)lum.(e.) (::) Ve(e)ní(g)te,(h::)",0,15/8,,415
Venite exsultemus,Venite exsultemus Domino.,"Ps 94,1",E,e edef efdeddc e f ge gf efe de e,LHym 179,"(f3)Ve(g)ní(g_f_gwh)te,(g_h_f_/g_f_fe.) (,) ex(g)sul(h)té(i_g_)mus(i_h_) Dó(g_h_g_)mi(fg)no.(g.) (::) Iu(f)bi(f)lé(f)mus(f) (::)",0,1-4H1,,179
Verbum caro,Verbum caro factum est: venite adoremus.,"Io 1,14",4*,cdef e e fg ge f dedc cefg g gh hgf g gfe e,LHym 360,"(c4)Ver(cdwefv)bum(e) ca(e)ro(fg) fa(ge)ctum(f) est:(deD_C_) (;) ve([uh{]c_e!fw_g[uh}])ní(g)te,(g_h) ad(hvGF)o(g)ré(gv_FE)mus.(e.) (::) Ve(dh)ní(gh)te,(gf/gffe) (::)",0,25/3,,360
- cum alleluia,Verbum caro factum est: venite adoremus alleluia.,,6*,ffg f f gh h gf f f g fe f gh ihig gf fgh ghffed fghgh gf,LHym 361,"(c4)Ver(f_0fg)bum(f') ca(f)ro(gh) fa(h)ctum(gf) est:(f.) (,) ve(f)ní(g)te,(fe) ad(f)o(g_h)ré(ixh_i_g_)mus,(g.f.) (;) al(f!gw!h>)le(ghffvED)lú(fgwhgh>)ia.(g.f.) (::) Ve(f_h)ní(j)te,(j) (::)",0,25/3 TP,,361
Visitationem Virginis,Visitationem Virginis Mariæ celebremus: Christum eius filium adoremus Dominum.,,2,c c cd d defd dc d fe fdedd cd defd dc d fe fgfe e g gh ihigh fe fg fed defdeddc f ed dggf ed efd cd d,LHym 375,"(f3)Vi(e)si(e)ta(ef)ti(f)ó(f/ghf)nem(f_e_) Vír(f)gi(hg)nis(hfgff) Ma(ef)rí(f/ghf)æ(f_e) ce(f)le(hg)bré(h_iHG)mus:(g.) (;) Chri(i)stum(ij) e(kxj/kij>)ius(hg) fí(hi)li(hv_GF)um(f/ghf/gffe.) (,) ad(h)o(gf)ré(fiih)mus(gf) Dó(ghf)mi(ef)num.(f.) (::) Ve(f)ní(e)te,(f) (::)",0,31/5,,375
- cum alleluia,Regem martyrum Dominum venite adoremus alleluia.,,6*,ffg f f f gh h gf f f g fe f gh ihig gf fgh ghffed fghgh gf,"LH, editio typica altera, t. II, p. 1573","(c4)Re(f_0fg)gem(f') már(f)ty(f)rum(gh) Dó(h)mi(gf)num,(f.) (,) ve(f)ní(g)te,(fe) ad(f)o(g_h)ré(ixh_i_g_)mus,(g.f.) (;) al(f!gw!h>)le(ghffvED)lú(fgwhgh>)ia.(g.f.) (::) Ve(f_h)ní(j)te,(j) (::)",0,PlM TP,,
